{
  "users": [
    {
      "name": "Marco",
      "surname": "Farinato",
      "email": "marcofarinato02@gmail.com",
      "password": "cacca",
      "cart": []
    },
    {
      "name": "Adriano",
      "surname": "Guastaferro",
      "email": "adrianoguastaferro02@gmail.com",
      "password": "cacca02",
      "cart": []
    },
    {
      "name": "almleo",
      "surname": "loealm",
      "address": "almleo 123",
      "birthDate": "2024-02-21",
      "email": "ciaoemail@asd",
      "password": "$2b$10$CtYQ.zhBWNxAGI7Hbh5NJOWiwVDnJa/n82MC.UCpLlL7ru9m8z1J6",
      "cart": []
    },
    {
      "name": "Leonardo",
      "surname": "Campana",
      "address": "123 Main Street",
      "birthDate": "2024-02-14",
      "email": "ciao123@gmail.com",
      "password": "$2b$10$3M6wXkQFtlSr3X4j0Smv9eIme5TsSAinwA1e/8.BIaKDaTnWVMkZK",
      "cart": [
        {
          "id": "18",
          "name": "Palm Angels pants",
          "img": "https://www.mrporter.com/variants/images/1647597314800643/ou/w2000_q60.jpg",
          "price": 45,
          "quantity": 4
        },
        {
          "id": "12",
          "name": "Versace shirt",
          "img": "https://www.versace.com/dw/image/v2/BGWN_PRD/on/demandware.static/-/Sites-ver-master-catalog/default/dw5263d1ea/original/90_1003926-1A03044_5B000_16_Barocco~Silk~Shirt-Clothing-Versace-online-store_4_1.jpg?sw=850&q=85&strip=true",
          "price": 90,
          "quantity": 3
        },
        {
          "id": "11",
          "name": "Patrizia Pepe shirt",
          "img": "https://www.pavidas.com/images.pavidas.com/A23---patrizia+pepe---5C0257%28%29A01K102.JPG",
          "price": 60,
          "quantity": 14
        },
        {
          "id": "23",
          "name": "Armani jeans",
          "img": "https://www.gioelaura.com/91928-large_default/jeans-emporio-armani.jpg",
          "price": 55,
          "quantity": 2
        }
      ]
    }
  ],
  "products": [
    {
      "name": "white t-shirt",
      "id": "1",
      "description": "white cotton t-shirt",
      "img": "https://invidia1973.com/17605-large_default/t-shirt-uomo-in-cotone-stretch-con-rib-a-tre-colori.jpg",
      "price": 25,
      "category": "t-shirts",
      "gender": "male",
      "quantityAvailable": 100
    },
    {
      "name": "black t-shirt",
      "id": "2",
      "description": "Dsquared2 men's cotton T-shirt with vintage logo black",
      "img": "https://cdn.caposerio.com/media/images/products/30754/large/uomo-abbigliamento-t-shirt-t-shirt-uomo-dsquared2-in-cotone-con-logo-vintage-nero-s71gd1300s23009-l-acd5.jpg",
      "price": 45,
      "category": "t-shirts",
      "gender": "male",
      "quantityAvailable": 100
    },
    {
      "name": "Gucci t-shirt",
      "id": "3",
      "description": "Gucci Blade print T-shirt in black cotton",
      "img": "https://media.gucci.com/style/DarkGray_Center_0_0_980x980/1692980162/565806_XJAZY_1141_005_100_0000_Light-T-shirt-con-stampa-Gucci-Blade.jpg",
      "price": 60,
      "category": "t-shirts",
      "gender": "male",
      "quantityAvailable": 100
    },
    {
      "name": "Pyrex t-shirt",
      "id": "4",
      "description": "Pyrex green t-shirt",
      "img": "https://www.nencinisport.it/images/width-def/background-def/format-def/end/articoli/pyrex-t-shirt-tinto-capo-verde-militare-pyrex-385373-dettaglio.png",
      "price": 35,
      "category": "t-shirts",
      "gender": "male",
      "quantityAvailable": 100
    },
    {
      "name": "Calvin Klein t-shirt",
      "id": "5",
      "description": "Calvin Klein t-shirt logo regular black",
      "img": "https://d18c63gzk0ps2w.cloudfront.net/media/catalog/product/cache/8f568ca51e2bd5270292b106648095e7/C/A/CAKLJ20J219142BEH_BEH_01_caef.jpg",
      "price": 35.5,
      "category": "t-shirts",
      "gender": "female",
      "quantityAvailable": 100
    },
    {
      "name": "Liu-Jo t-shirt",
      "id": "6",
      "description": "Liu Jo t-shirt with Rhinestone Logo",
      "img": "https://ritiquality.it/wp-content/uploads/2022/03/p_1_5_6_0_6_15606-T-shirt-donna-Liu-Jo-con-logo-in-strassVA2074J5003.jpg",
      "price": 45,
      "category": "t-shirts",
      "gender": "female",
      "quantityAvailable": 100
    },
    {
      "name": "Twinset t-shirt",
      "id": "7",
      "description": "Short-sleeved T-shirt",
      "img": "https://i.ebayimg.com/images/g/ymcAAOSwYWpkh5po/s-l1200.jpg",
      "price": 40,
      "category": "t-shirts",
      "gender": "female",
      "quantityAvailable": 100
    },
    {
      "name": "Moschino t-shirt",
      "id": "8",
      "description": "black t-shirt",
      "img": "https://www.pavidas.com/images.pavidas.com/P24---moschino---A070644171555.JPG",
      "price": 39.9,
      "category": "t-shirts",
      "gender": "female",
      "quantityAvailable": 100
    },
    {
      "name": "Harmont&Blaine shirt",
      "id": "9",
      "description": "Harmont&Blaine cotton shirt",
      "img": "https://www.harmontblaine.com/on/demandware.static/-/Sites-harmont-m-catalog/default/dw797a03a4/images/large/CNKJ02012658M_850_1.jpg",
      "price": 45,
      "category": "shirts",
      "gender": "male",
      "quantityAvailable": 77
    },
    {
      "name": "fantasy shirt",
      "id": "10",
      "description": "fantasy blue shirt",
      "img": "https://invidia1973.com/15861-large_default/camicia-uomo-blu-fantasia-collo-semi-francese.jpg",
      "price": 25,
      "category": "shirts",
      "gender": "male",
      "quantityAvailable": 0
    },
    {
      "name": "Patrizia Pepe shirt",
      "id": "11",
      "description": "Patrizia Pepe black shirt",
      "img": "https://www.pavidas.com/images.pavidas.com/A23---patrizia+pepe---5C0257%28%29A01K102.JPG",
      "price": 60,
      "category": "shirts",
      "gender": "male",
      "quantityAvailable": 33
    },
    {
      "name": "Versace shirt",
      "id": "12",
      "description": "Versace baroque style silk shirt",
      "img": "https://www.versace.com/dw/image/v2/BGWN_PRD/on/demandware.static/-/Sites-ver-master-catalog/default/dw5263d1ea/original/90_1003926-1A03044_5B000_16_Barocco~Silk~Shirt-Clothing-Versace-online-store_4_1.jpg?sw=850&q=85&strip=true",
      "price": 90,
      "category": "shirts",
      "gender": "male",
      "quantityAvailable": 97
    },
    {
      "name": "blue shirt",
      "id": "13",
      "description": "casual blue shirt",
      "img": "https://www.lestyledeparis.com/cdn/shop/products/9.30vanit_1000x.jpg?v=1675680647",
      "price": 30,
      "category": "shirt",
      "gender": "female",
      "quantityAvailable": 100
    },
    {
      "name": "Moon shirt",
      "id": "14",
      "description": "Moon black shirt",
      "img": "https://www.bolf.co.it/ita_pl_Camicia-elegante-a-maniche-lunghe-con-fiocco-da-donna-nera-Bolf-644-91759_1.jpg",
      "price": 20,
      "category": "shirts",
      "gender": "female",
      "quantityAvailable": 100
    },
    {
      "name": "plaid shirt",
      "id": "15",
      "description": "plaid cotton shirt",
      "img": "https://www.upim.com/dw/image/v2/AAKZ_PRD/on/demandware.static/-/Sites-upim-it-master/default/dw0182749d/images/hi-res/12595860.jpg?sw=650",
      "price": 15.99,
      "category": "shirts",
      "gender": "female",
      "quantityAvailable": 100
    },
    {
      "name": "spotted shirt",
      "id": "16",
      "description": "elegant spotted shirt",
      "img": "https://www.toocool.it/cdn/shop/products/immagine-1-toocool-camicia-donna-maculata-leopardata-vb-32385_700x700.jpg?v=1678781576",
      "price": 35.99,
      "category": "shirts",
      "gender": "female",
      "quantityAvailable": 100
    },
    {
      "name": "jeans",
      "id": "17",
      "description": "skinny jeans",
      "img": "https://ae01.alicdn.com/kf/Sf9fa54ffeaa7452ebf6d8c7134ede02ab/Nuovi-Jeans-firmati-Jeans-Skinny-strappati-da-uomo-moda-mendicante-patch-pantaloni-Slim-in-Denim-elasticizzato.jpg_960x960.jpg",
      "price": 35,
      "category": "pants",
      "gender": "male",
      "quantityAvailable": 100
    },
    {
      "name": "Palm Angels pants",
      "id": "18",
      "description": "Palm Angels blue pants",
      "img": "https://www.mrporter.com/variants/images/1647597314800643/ou/w2000_q60.jpg",
      "price": 45,
      "category": "pants",
      "gender": "male",
      "quantityAvailable": 93
    },
    {
      "name": "Amiri jeans",
      "id": "19",
      "description": "Amiri skinny jeans",
      "img": "https://mobile.yoox.com/images/items/30/30134333CX_14_a.jpg?impolicy=crop&width=387&height=490",
      "price": 49.9,
      "category": "pants",
      "gender": "male",
      "quantityAvailable": 100
    },
    {
      "name": "Cargo pants",
      "id": "20",
      "description": "beige cargo pants",
      "img": "https://img.kwcdn.com/product/Fancyalgo/VirtualModelMatting/e37bac6a515a2e5f8f0dd6ed24b91ff2.jpg?imageMogr2/auto-orient%7CimageView2/2/w/800/q/70/format/webp",
      "price": 29.9,
      "category": "pants",
      "gender": "male",
      "quantityAvailable": 100
    },
    {
      "name": "Bolf pants",
      "id": "21",
      "description": "bolf cargo pants",
      "img": "https://www.bolf.co.it/ita_pl_Pantaloni-cargo-di-tuta-da-donna-rosa-Bolf-HW2516CA-91469_2.jpg",
      "price": 25,
      "category": "pants",
      "gender": "female",
      "quantityAvailable": 100
    },
    {
      "name": "Alcott jeans",
      "id": "22",
      "description": "Alcott blue jeans",
      "img": "https://www.alcott.eu/dw/image/v2/BDJZ_PRD/on/demandware.static/-/Sites-catalog-alcott-master/default/dwd70cf198/hi-res/5T0000DOAX13_D006_001.jpg?sw=1000&sh=1350&q=90&strip=false",
      "price": 39.9,
      "category": "pants",
      "gender": "female",
      "quantityAvailable": 100
    },
    {
      "name": "Armani jeans",
      "id": "23",
      "description": "Armani skinny jeans",
      "img": "https://www.gioelaura.com/91928-large_default/jeans-emporio-armani.jpg",
      "price": 55,
      "category": "pants",
      "gender": "female",
      "quantityAvailable": 98
    },
    {
      "name": "Kiabi pants",
      "id": "24",
      "description": "Kiabi beige skinny pants",
      "img": "https://static.kiabi.it/images/jeans-wide-leg-a-vita-alta-beige-aof78_4_fr1.jpg",
      "price": 45,
      "category": "pants",
      "gender": "female",
      "quantityAvailable": 100
    },
    {
      "name": "Bolf jacket",
      "id": "25",
      "description": "Bolf red jacket",
      "img": "https://www.bolf.co.it/ita_pl_Giubbotto-parka-invernale-trapuntato-da-uomo-rosso-Bolf-7330-90400_13.jpg",
      "price": 60,
      "category": "jackets",
      "gender": "male",
      "quantityAvailable": 100
    },
    {
      "name": "Blauer jacket",
      "id": "26",
      "description": "Blauer black jacket",
      "img": "https://www.sir126.it/media/000/087/384/f/450x600-giubbino-blauer-nero-da-uomo-trapuntato-ad-onde-c03005006355.jpg",
      "price": 75,
      "category": "jackets",
      "gender": "male",
      "quantityAvailable": 100
    },
    {
      "name": "Paolo Moretti jacket",
      "id": "27",
      "description": "Paolo Moretti blue jacket with fur",
      "img": "https://fur.it/wp-content/uploads/2022/06/giubbotto-uomo-blu-con-pelliccia.jpg",
      "price": 50,
      "category": "jackets",
      "gender": "male",
      "quantityAvailable": 100
    },
    {
      "name": "Fay jacket",
      "id": "28",
      "description": "beige waterproof jacket",
      "img": "https://www.fay.com/fashion/fayNew/NAM62480030AXXC003/NAM62480030AXXC003-38.jpg?imwidth=650",
      "price": 45,
      "category": "jackets",
      "gender": "male",
      "quantityAvailable": 100
    },
    {
      "name": "Bolf jacket",
      "id": "29",
      "description": "Bolf black invernal jacket",
      "img": "https://www.bolf.co.it/ita_pl_Giubbotto-invernale-con-cappuccio-e-pelliccia-da-donna-nero-Bolf-16M9121-93722_1.jpg",
      "price": 50,
      "category": "jackets",
      "gender": "female",
      "quantityAvailable": 100
    },
    {
      "name": "Alcott jacket",
      "id": "30",
      "description": "Alcott hooded jacket",
      "img": "https://www.alcott.eu/dw/image/v2/BDJZ_PRD/on/demandware.static/-/Sites-catalog-alcott-master/default/dw4fb1db7a/hi-res/GB1798DO_C218_001.jpg?sw=1000&sh=1350&q=90&strip=false",
      "price": 40.9,
      "category": "jackets",
      "gender": "female",
      "quantityAvailable": 100
    },
    {
      "name": "Blauer jacket",
      "id": "31",
      "description": "Blauer pink jacket",
      "img": "https://encrypted-tbn0.gstatic.com/images?q=tbn:ANd9GcS7Ie7wwJ17vHWC0NwO69z1HqCtLR-FmRrgCg&usqp=CAU",
      "price": 65,
      "category": "jackets",
      "gender": "female",
      "quantityAvailable": 100
    },
    {
      "name": "Moncler jacket",
      "id": "32",
      "description": "Moncler orange jacket",
      "img": "https://www.moncler.com/on/demandware.static/-/Library-Sites-library-global/default/dwe0d37b02/flp-5/flp-w-update-2011-promo-5050-genius-ww-desk.jpg",
      "price": 90,
      "category": "jackets",
      "gender": "female",
      "quantityAvailable": 100
    },
    {
      "name": "Maserati watch",
      "id": "33",
      "description": "Maserati blue watch edition",
      "img": "https://www.serenagioielli.it/wp-content/uploads/2023/11/Orologio-Maserati-uomo-blue-edition-R8871612042-extra-big-23363-713.jpg",
      "price": 190,
      "category": "accessories",
      "gender": "male",
      "quantityAvailable": 100
    },
    {
      "name": "Versace wallet",
      "id": "34",
      "description": "Versace black wallet",
      "img": "https://m.media-amazon.com/images/I/51SD6jsrUlL._AC_UL720_.jpg",
      "price": 55,
      "category": "accessories",
      "gender": "male",
      "quantityAvailable": 100
    },
    {
      "name": "Gucci belt",
      "id": "35",
      "description": "Gucci beige belt",
      "img": "https://www.mrporter.com/variants/images/1647597311482760/in/w2000_q60.jpg",
      "price": 45,
      "category": "accessories",
      "gender": "male",
      "quantityAvailable": 100
    },
    {
      "name": "Esquires sunglasses",
      "id": "36",
      "description": "Esquires gold sunglasses",
      "img": "https://hips.hearstapps.com/hmg-prod/images/occhiali-da-sole-uomo-primavera-estate-2021-1612519234.jpg?crop=1.00xw:1.00xh;0,0&resize=1200:*",
      "price": 100,
      "category": "accessories",
      "gender": "male",
      "quantityAvailable": 100
    },
    {
      "name": "Guess bag",
      "id": "37",
      "description": "Guess black bag",
      "img": "https://www.nikyshoes.com/82862-large_default/guess-borsa-donna-black.jpg",
      "price": 135,
      "category": "accessories",
      "gender": "female",
      "quantityAvailable": 100
    },
    {
      "name": "Swarovski jewel ",
      "id": "38",
      "description": "Swarovski pink and gold bracelet",
      "img": "https://alfyo.it/cdn/shop/files/Swarovski-Bracciale-Tennis-Matrix-Rosa-657659-Side_1024x.png?v=1697131403",
      "price": 95,
      "category": "accessories",
      "gender": "female",
      "quantityAvailable": 100
    },
    {
      "name": "sunglassess",
      "id": "39",
      "description": "glitter sunglasses",
      "img": "https://m.media-amazon.com/images/I/61Bz43lmK9L._AC_UY350_.jpg",
      "price": 55,
      "category": "accessories",
      "gender": "female",
      "quantityAvailable": 100
    },
    {
      "name": "Louis Vuitton belt",
      "id": "40",
      "description": "Louis Vuitton brown belt",
      "img": "https://www.louisvuitton.com/images/is/image/lv/1/PP_VP_L/louis-vuitton--BC_221211_WOMEN_EVM_065_LVCOM_2000x2000_DI2.jpg",
      "price": 59.9,
      "category": "accessories",
      "gender": "female",
      "quantityAvailable": 100
    },
    {
      "name": "Underclub sweatshirt",
      "id": "41",
      "description": "Underclub hoodie",
      "img": "https://banditostore.com/cdn/shop/products/A23---underclub---80025-VERDE_635b4c71-598b-4f53-b51c-0de832035e38.jpg?v=1706782956&width=640",
      "price": 35,
      "category": "sweatshirts",
      "gender": "male",
      "quantityAvailable": 100
    },
    {
      "name": "black sweatshirt",
      "id": "42",
      "description": "black hoodie with blue logo",
      "img": "https://img01.ztat.net/article/spp-media-p1/1331b79d836d4e9483e7254b778cb729/f4c2e11e94274b8ba19190599aafe2ea.jpg?imwidth=300",
      "price": 30,
      "category": "sweatshirts",
      "gender": "male",
      "quantityAvailable": 100
    },
    {
      "name": "Napapijiri sweatshirt",
      "id": "43",
      "description": "Napapijiri blue hoodie",
      "img": "https://www.citystoreshop.it/38641-large_default/felpa-uomo-con-cappuccio-ayas-napapijri-np0a4gja.jpg",
      "price": 60,
      "category": "sweatshirts",
      "gender": "male",
      "quantityAvailable": 100
    },
    {
      "name": "white sweatshirt",
      "id": "44",
      "description": "white sweatshirt with design",
      "img": "https://www.marycottoncouture.com/wp-content/uploads/2023/07/felpa-uomo-girocollo-basic-25148-becco.jpg",
      "price": 45,
      "category": "sweatshirts",
      "gender": "male",
      "quantityAvailable": 100
    },
    {
      "name": "blue sweatshirt",
      "id": "45",
      "description": "blue casual hoodie",
      "img": "https://t-shirtpersonalizzate.it/wp-content/uploads/2021/06/felpa-personalizzata-da-donna-con-cappuccio.jpg",
      "price": 25,
      "category": "sweatshirts",
      "gender": "female",
      "quantityAvailable": 100
    },
    {
      "name": "pink sweatshirt",
      "id": "46",
      "description": "pink casual hoodie",
      "img": "https://www.stampegrafica.plus/19052-medium_default/felpa-donna-con-cappuccio-e-tasca-basic-hoody-lady-james-nicholson.jpg",
      "price": 30,
      "category": "sweatshirts",
      "gender": "female",
      "quantityAvailable": 100
    },
    {
      "name": "Guess sweatshirt",
      "id": "47",
      "description": "Guess white hoodie with design",
      "img": "https://brogiabbigliamento.it/206838-superlarge_default/felpa-girocollo-da-donna.jpg",
      "price": 50,
      "category": "sweatshirts",
      "gender": "female",
      "quantityAvailable": 100
    },
    {
      "name": "purple sweatshirt",
      "id": "48",
      "description": "purple casual hoodie",
      "img": "https://banditostore.com/cdn/shop/products/A23---superculture_28_29---JENNY-Z-LILLA_3_P.jpg?v=1705476243&width=640",
      "price": 35,
      "category": "sweatshirts",
      "gender": "female",
      "quantityAvailable": 100
    },
    {
      "name": "yellow knitwear",
      "id": "49",
      "description": "classic yellow knitwear",
      "img": "https://m.media-amazon.com/images/I/51597KJRSHL._AC_SL1000_.jpg",
      "price": 25,
      "category": "knitwear",
      "gender": "male",
      "quantityAvailable": 100
    },
    {
      "name": "black knitwear",
      "id": "50",
      "description": "black turtleneck knitwear",
      "img": "https://www.diffusionestock.com/open2b/var/products/39/99/0-1237d929-700-maglieria-uomo-100-cashmere-dolcevita-Made-In-Italy.jpg",
      "price": 30,
      "category": "knitwear",
      "gender": "male",
      "quantityAvailable": 100
    },
    {
      "name": "spotted cardigan ",
      "id": "51",
      "description": "elegant spotted cardigan ",
      "img": "https://www.amicianimalipalermo.it/wp-content/uploads/2022/10/maglieria-uomo-cardigan-gbu0582-gac3ablle.jpg",
      "price": 45,
      "category": "knitwear",
      "gender": "male",
      "quantityAvailable": 100
    },
    {
      "name": "pullover",
      "id": "52",
      "description": "wool pullover",
      "img": "https://assets.maisoncashmere.com/media/catalog/product/colors/mcm048-2312.jpg",
      "price": 40.9,
      "category": "knitwear",
      "gender": "male",
      "quantityAvailable": 100
    },
    {
      "name": "purple knitwear",
      "id": "53",
      "description": "elegant purple knitwear",
      "img": "https://media.illanificio.it/img/p/1/8/5/5/2/18552-medium_default.jpg",
      "price": 30,
      "category": "knitwear",
      "gender": "female",
      "quantityAvailable": 100
    },
    {
      "name": "pullover",
      "id": "54",
      "description": "comfort white pullover",
      "img": "https://www.alcott.eu/dw/image/v2/BDJZ_PRD/on/demandware.static/-/Sites-catalog-alcott-master/default/dw86fd231d/hi-res/MA12884DOX12_WH1_001.jpg?sw=1000&sh=1350&q=90&strip=false",
      "price": 25,
      "category": "knitwear",
      "gender": "female",
      "quantityAvailable": 100
    },
    {
      "name": "cardigan",
      "id": "55",
      "description": "elegant fuchsia cardigan",
      "img": "https://rifo-lab.com/cdn/shop/products/R0A1073-1_e2c3d323-bd87-41bd-9641-3440712fdc7d.jpg?v=1660215466&width=800",
      "price": 45,
      "category": "knitwear",
      "gender": "female",
      "quantityAvailable": 100
    },
    {
      "name": "blue knitwear",
      "id": "56",
      "description": "blue turtleneck knitwear",
      "img": "https://www.zuiki.it/cdn/shop/products/120822.jpg?v=1696139628",
      "price": 20.9,
      "category": "knitwear",
      "gender": "female",
      "quantityAvailable": 100
    }
  ]
}

